Node,Clustering Coefficient
u749,1.0
u1898,1.0
p888,1.0
p4813,1.0
p2282,1.0
p2489,1.0
p395031,1.0
p639592,1.0
p1113393,1.0
u23730,1.0
p4926,0.8833333333333332
p4927,0.8833333333333332
p4928,0.8833333333333332
p4929,0.8833333333333332
p4930,0.8833333333333332
p4931,0.8833333333333332
p4932,0.8833333333333332
p4933,0.8833333333333332
p4934,0.8833333333333332
p507,0.8813371813371813
